{
  "rulesDirectory": [
    "node_modules/codelyzer"
  ],
  "rules": {
    "adjacent-overload-signatures": true,
    "align": [ true, "elements", "parameters", "statements" ],
    "array-type": [ true, "array" ],
    "arrow-parens": true,
    "arrow-return-shorthand": [ true, "multiline" ],
    "await-promise": true,
    "ban-types": {
        "options": [
          ["Object", "Avoid using the `Object` type. Did you mean `object`?"],
          ["Function", "Avoid using the `Function` type. Prefer a specific function type, like `() => void`."],
          ["Boolean", "Avoid using the `Boolean` type. Did you mean `boolean`?"],
          ["Number", "Avoid using the `Number` type. Did you mean `number`?"],
          ["String", "Avoid using the `String` type. Did you mean `string`?"],
          ["Symbol", "Avoid using the `Symbol` type. Did you mean `symbol`?"]
        ]
    },
    "binary-expression-operand-order": true,
    "callable-types": true,
    "class-name": true,
    "comment-format": [ true, "check-space" ],
    "completed-docs": true,
    "curly": [ true, "ignore-same-line" ],
    "cyclomatic-complexity": false,
    "deprecation": true,
    "encoding": true,
    "eofline": true,
    "forin": true,
    "import-spacing": true,
    "indent": [ true, "spaces", 2 ],
    "interface-name": false,
    "interface-over-type-literal": true,
    "jsdoc-format": true,
    "label-position": true,
    "linebreak-style": false,
    "match-default-export-name": false,
    "max-classes-per-file": false,
    "max-file-line-count": [ true, 400 ],
    "max-line-length": [ true, 140 ],
    "member-access": [ true, "check-accessor", "check-constructor" ],
    "member-ordering": [ true, { 
      "order": [
        "public-static-field",
        "protected-static-field",
        "private-static-field",
        "public-static-method",
        "protected-static-method",
        "private-static-method",
        "public-instance-field",
        "protected-instance-field",
        "private-instance-field",
        "constructor",
        "public-instance-method",
        "protected-instance-method",
        "private-instance-method"
      ]
    } ],
    "newline-before-return": false,
    "new-parens": true,
    "no-angle-bracket-type-assertion": true,
    "no-any": true,
    "no-arg": true,
    "no-bitwise": true,
    "no-boolean-literal-compare": true,
    "no-conditional-assignment": true,
    "no-consecutive-blank-lines": true,
    "no-console": false,
    "no-construct": true,
    "no-debugger": true,
    "no-default-export": true,
    "no-duplicate-imports": true,
    "no-duplicate-super": true,
    "no-duplicate-variable": true,
    "no-empty": false,
    "no-empty-interface": false,
    "no-eval": true,
    "no-floating-promises": true,
    "no-for-in-array": true,
    "no-import-side-effect": false,
    "no-inferrable-types": false,
    "no-inferred-empty-object-type": true,
    "no-internal-module": true,
    "no-invalid-template-strings": true,
    "no-irregular-whitespace": true,
    "no-magic-numbers": false,
    "no-mergeable-namespace": true,
    "no-misused-new": true,
    "no-namespace": true,
    "no-non-null-assertion": true,
    "no-null-keyword": true,
    "no-object-literal-type-assertion": true,
    "no-parameter-properties": false,
    "no-reference": true,
    "no-reference-import": true,
    "no-require-imports": true,
    "no-shadowed-variable": true,
    "no-sparse-arrays": true,
    "no-string-literal": true,
    "no-string-throw": true,
    "no-this-assignment": [ true, { "allow-destructuring": true } ],
    "no-trailing-whitespace": true,
    "no-unbound-method": [ true, "ignore-static" ],
    "no-unnecessary-callback-wrapper": true,
    "no-unnecessary-initializer": true,
    "no-unnecessary-qualifier": true,
    "no-unnecessary-type-assertion": true,
    "no-unsafe-any": true,
    "no-unsafe-finally": true,
    "no-unused-expression": true,
    "no-unused-variable": true,
    "no-use-before-declare": true,
    "no-var-keyword": true,
    "no-var-requires": true,
    "no-void-expression": [ true, "ignore-arrow-function-shorthand" ],
    "number-literal-format": true,
    "object-literal-key-quotes": [ true, "as-needed" ],
    "object-literal-shorthand": true,
    "object-literal-sort-keys": [ true, "ignore-case" ],
    "one-line": [ true, "check-catch", "check-else", "check-finally", "check-open-brace", "check-whitespace" ],
    "one-variable-per-declaration": true,
    "only-arrow-functions": [ true, "allow-declarations", "allow-named-functions" ],
    "ordered-imports": [ true, {
      "import-sources-order": "case-insensitive",
      "named-imports-order": "case-insensitive"
    } ],
    "prefer-conditional-expression": true,
    "prefer-const": true,
    "prefer-for-of": true,
    "prefer-function-over-method": false,
    "prefer-method-signature": false,
    "prefer-object-spread": false,
    "prefer-switch": false,
    "prefer-template": [ true, "allow-single-concat" ],
    "promise-function-async": false,
    "quotemark": [ true, "single" ],
    "radix": true,
    "restrict-plus-operands": true,
    "return-undefined": false,
    "semicolon": [ true, "always" ],
    "space-before-function-paren": [ true, {
      "anonymous": "never",
      "asyncArrow": "always",
      "constructor": "never",
      "method": "never",
      "named": "never"
    } ],
    "space-within-parens": false,
    "strict-boolean-expressions": false,
    "strict-type-predicates": true,
    "switch-default": true,
    "switch-final-break": true,
    "trailing-comma": [ true, {
      "multiline": "always",
      "singleline": "never"
    } ],
    "triple-equals": true,
    "typedef": [ true, "array-destructuring", "call-signature", "member-variable-declaration", "object-destructuring", "parameter",
                 "property-declaration", "variable-declaration" ],
    "typedef-whitespace": [ true,
      {
        "call-signature": "nospace",
        "index-signature": "nospace",
        "parameter": "nospace",
        "property-declaration": "nospace",
        "variable-declaration": "nospace"
      },
      {
        "call-signature": "onespace",
        "index-signature": "onespace",
        "parameter": "onespace",
        "property-declaration": "onespace",
        "variable-declaration": "onespace"
      }
    ],
    "type-literal-delimiter": true,
    "unified-signatures": true,
    "use-default-type-parameter": true,
    "use-isnan": true,
    "variable-name": [ true, "allow-leading-underscore", "ban-keywords", "check-format" ],
    "whitespace": [ true, "check-branch", "check-decl", "check-module", "check-operator", "check-preblock", "check-separator", "check-type",
                    "check-typecast" ],
    
    "component-class-suffix": [ true, "C", "H" ],
    "component-selector": [ true, [ "attribute","element" ], [ "app" ], "kebab-case" ],
    "directive-class-suffix": [ true, "DI" ],
    "directive-selector": [ true, "attribute", [ "app", "ui" ], "camelCase" ],
    "import-destructuring-spacing": true,
    "invoke-injectable": true,
    "no-access-missing-member": true,
    "no-attribute-parameter-decorator": true,
    "no-forward-ref": false,
    "no-input-rename": false,
    "no-output-rename": false,
    "no-unused-css": true,
    "pipe-impure": true,
    "pipe-naming": [ true, "camelCase", "app" ],
    "template-to-ng-template": true,
    "templates-no-negated-async": true,
    "templates-use-public": true,
    "use-host-property-decorator": false,
    "use-input-property-decorator": true,
    "use-life-cycle-interface": false,
    "use-output-property-decorator": true,
    "use-pipe-decorator": true,
    "use-pipe-transform-interface": true,
    "use-view-encapsulation": true
  }
}
